{"UpperLeftPose": {"x": 0.1352759042698685, "y": -0.12998930398802097, "z": -0.003331449865120989}, "UpperRightPose": {"x": 0.14745147409352577, "y": 0.11861911413328606, "z": -0.0029969593246553378}, "LowerRightPose": {"x": 0.3838819310253385, "y": 0.10518347200762317, "z": -0.003982374817923615}, "LowerLeftPose": {"x": 0.3728561874337556, "y": -0.13705311546623247, "z": -0.004077047088487315}}