{"UpperLeftPose": {"x": 0.13461349662637473, "y": -0.1231220163301236, "z": -0.003080418433078033}, "UpperRightPose": {"x": 0.1388250857743753, "y": 0.12520492284660276, "z": -0.0025980455164396343}, "LowerRightPose": {"x": 0.37698733015185754, "y": 0.11577417187572453, "z": -0.002571330277710032}, "LowerLeftPose": {"x": 0.371276732142053, "y": -0.1263301988980382, "z": -0.0036273636268536608}}